Generation_Group_Boomers,Generation_Group_Generation X,Generation_Group_Millennials,EnvironmentSatisfaction,JobInvolvement,JobLevel,JobSatisfaction,MonthlyIncome,OverTime_LE,PerformanceRating,RelationshipSatisfaction,TotalWorkingYears,WorkLifeBalance,YearsAtCompany,YearsSinceLastPromotion,Attrition_LE
0.0,0.0,1.0,4,3,2,1,8463,0,3,4,6,3,5,1,0
0.0,1.0,0.0,4,4,2,1,4450,0,3,3,5,3,4,1,0
0.0,0.0,1.0,4,1,1,3,1555,0,3,3,1,3,1,0,1
0.0,1.0,0.0,2,3,3,1,9724,0,3,3,25,3,1,0,0
0.0,0.0,1.0,4,3,2,2,5914,0,3,4,16,4,13,3,0
0.0,0.0,1.0,3,3,1,3,2579,1,3,4,8,3,8,0,0
0.0,0.0,1.0,4,1,1,3,4230,0,3,3,6,3,5,4,0
0.0,1.0,0.0,3,3,1,3,2232,0,3,3,7,3,3,1,0
0.0,1.0,0.0,4,2,3,4,8865,0,3,4,23,3,19,12,0
0.0,0.0,1.0,4,4,1,4,2269,0,3,4,1,3,1,0,0
0.0,1.0,0.0,4,2,1,4,3294,1,3,1,3,2,3,1,0
0.0,1.0,0.0,4,2,3,4,10231,0,3,4,23,4,21,15,0
0.0,1.0,0.0,4,3,2,2,5933,0,3,4,10,2,5,2,0
0.0,1.0,0.0,4,4,1,3,2213,1,3,3,10,3,7,1,0
0.0,0.0,1.0,4,3,1,3,3375,0,3,4,4,4,3,1,0
0.0,0.0,1.0,4,2,1,1,4968,0,3,4,10,3,9,0,0
0.0,0.0,1.0,4,4,2,3,6294,1,3,4,10,4,3,0,0
0.0,0.0,1.0,3,4,1,1,2743,0,3,3,18,3,17,15,1
0.0,1.0,0.0,1,3,3,2,11849,1,3,4,10,2,10,9,1
0.0,0.0,1.0,2,3,4,1,17007,0,3,4,16,2,14,6,0
0.0,0.0,1.0,3,2,1,2,3479,0,3,2,6,4,5,1,1
0.0,1.0,0.0,1,3,2,4,5070,0,3,3,20,3,5,0,0
0.0,0.0,1.0,4,3,2,4,9204,0,3,3,7,2,4,0,0
0.0,1.0,0.0,1,4,2,1,5605,1,4,3,8,3,8,7,0
0.0,0.0,1.0,1,3,2,1,6392,0,3,4,8,1,2,2,0
1.0,0.0,0.0,3,2,5,4,19586,0,4,3,36,3,36,2,0
0.0,0.0,1.0,2,3,1,3,2318,0,3,3,1,3,1,0,0
0.0,0.0,1.0,1,4,2,1,4037,0,4,1,9,3,9,0,0
0.0,1.0,0.0,4,3,1,2,3420,0,3,3,6,2,5,1,0
0.0,0.0,1.0,4,2,2,1,5957,0,3,2,13,3,11,5,0
0.0,0.0,1.0,3,4,2,3,5294,0,3,3,10,3,7,1,0
0.0,0.0,1.0,4,4,2,4,5472,0,3,2,8,3,8,1,0
0.0,1.0,0.0,3,4,2,2,4244,0,4,4,8,3,8,3,0
0.0,1.0,0.0,2,3,3,4,7491,0,3,4,12,4,6,1,0
0.0,0.0,1.0,2,2,2,1,6134,1,3,2,16,3,2,2,1
0.0,0.0,1.0,4,3,3,4,7823,0,3,2,12,3,10,0,0
0.0,1.0,0.0,4,2,3,2,13757,0,3,3,16,3,9,4,0
0.0,1.0,0.0,1,2,1,1,2107,0,3,1,5,1,1,0,1
0.0,0.0,1.0,3,3,1,3,3441,1,3,3,2,2,2,2,1
0.0,0.0,1.0,3,3,1,1,3591,0,4,3,3,3,3,1,0
0.0,1.0,0.0,1,2,2,4,8686,0,4,3,12,4,8,0,0
0.0,1.0,0.0,1,3,2,1,5473,0,3,4,9,4,8,7,0
0.0,0.0,1.0,4,3,2,1,4087,0,3,2,9,2,6,1,0
0.0,1.0,0.0,3,3,1,3,2821,0,3,1,8,3,2,2,0
0.0,0.0,1.0,4,3,1,3,2851,1,3,2,1,3,1,0,1
0.0,1.0,0.0,4,2,2,4,5249,0,3,4,13,3,8,7,0
0.0,1.0,0.0,4,2,3,2,9094,1,3,3,9,3,5,1,1
0.0,0.0,1.0,1,3,2,1,5324,0,3,3,6,3,3,0,1
0.0,1.0,0.0,2,3,2,3,6796,1,3,1,18,3,4,1,1
0.0,0.0,1.0,1,2,1,2,1859,1,4,2,1,4,1,0,1
0.0,1.0,0.0,1,3,4,3,17861,0,3,3,26,1,3,0,0
0.0,0.0,1.0,3,3,1,4,4821,1,3,3,6,3,5,0,0
0.0,1.0,0.0,1,3,5,3,19537,0,3,3,23,3,20,15,0
0.0,0.0,1.0,3,3,2,1,6125,0,3,4,10,4,10,9,0
0.0,0.0,1.0,4,3,1,3,2974,0,3,3,9,3,5,1,0
0.0,0.0,1.0,4,3,2,3,4998,1,3,4,10,3,8,0,0
0.0,1.0,0.0,3,3,2,4,2741,1,3,3,15,4,7,3,0
0.0,0.0,1.0,4,3,2,3,5968,0,4,3,9,3,9,2,0
0.0,0.0,1.0,2,3,2,3,6142,0,3,4,10,3,5,4,0
0.0,1.0,0.0,1,3,2,3,5042,0,3,4,10,1,9,3,0
0.0,1.0,0.0,3,1,3,3,9756,0,4,3,9,4,5,0,0
0.0,0.0,1.0,3,2,1,1,1416,0,3,1,1,2,1,1,1
0.0,0.0,1.0,3,4,3,2,7446,0,3,1,10,3,10,4,1
0.0,1.0,0.0,3,3,4,3,17639,0,3,4,30,3,4,0,0
0.0,1.0,0.0,1,1,2,2,4777,0,3,1,15,1,1,0,1
0.0,0.0,1.0,2,2,2,3,5916,1,3,1,8,3,1,0,1
0.0,0.0,1.0,2,3,2,2,6214,0,3,1,8,3,8,0,0
0.0,1.0,0.0,4,3,2,1,4284,1,4,3,16,3,5,0,0
0.0,0.0,1.0,4,3,1,4,3310,0,4,4,5,3,5,0,0
0.0,1.0,0.0,3,3,4,4,16437,1,4,4,21,3,21,7,0
0.0,0.0,1.0,3,2,2,2,5507,0,3,3,12,1,4,1,0
0.0,1.0,0.0,2,3,5,1,18947,0,3,4,22,2,2,2,0
0.0,1.0,0.0,4,3,2,3,9602,1,3,3,17,2,3,1,0
0.0,0.0,1.0,3,2,2,1,4312,0,3,2,16,3,15,2,0
0.0,0.0,1.0,3,3,2,4,6623,1,3,2,6,3,6,1,0
1.0,0.0,0.0,4,3,4,3,14756,1,3,3,21,3,5,0,0
0.0,0.0,1.0,3,4,2,4,4724,0,3,1,9,3,9,7,0
0.0,0.0,1.0,3,3,2,1,6500,0,3,2,6,3,3,1,0
0.0,0.0,1.0,3,1,3,1,10252,1,4,3,17,3,7,7,0
0.0,0.0,1.0,2,3,3,1,11916,1,4,4,9,3,9,0,0
0.0,1.0,0.0,4,3,5,3,18606,0,3,2,26,3,7,4,0
0.0,1.0,0.0,3,4,2,2,6389,0,3,3,12,1,8,3,0
1.0,0.0,0.0,4,3,4,4,17875,1,3,3,29,2,1,0,0
0.0,0.0,1.0,2,3,1,3,2096,0,3,3,7,3,7,0,0
0.0,0.0,1.0,4,2,3,1,7336,0,3,1,11,1,11,3,1
0.0,1.0,0.0,3,2,1,3,3162,0,3,4,7,3,5,0,0
0.0,1.0,0.0,4,3,3,3,7082,1,3,4,21,3,2,0,0
0.0,1.0,0.0,1,2,2,3,5985,0,3,2,10,4,2,0,0
0.0,0.0,1.0,3,4,2,3,5175,0,3,3,9,2,5,1,0
0.0,0.0,1.0,3,3,2,4,4011,0,4,4,12,3,12,3,0
0.0,1.0,0.0,1,2,2,3,5993,0,3,3,7,4,7,0,0
0.0,0.0,1.0,3,3,1,4,1232,0,3,4,0,3,0,0,0
0.0,1.0,0.0,2,3,4,1,13341,0,3,1,21,3,20,11,0
0.0,0.0,1.0,3,3,1,2,2476,0,3,1,1,3,1,0,0
0.0,1.0,0.0,3,3,3,4,7428,0,3,1,12,3,5,1,0
0.0,0.0,1.0,3,3,3,4,7143,1,3,3,11,2,11,4,0
0.0,0.0,1.0,3,2,2,3,8620,0,3,3,10,3,10,0,0
0.0,1.0,0.0,2,3,2,3,4449,1,3,1,15,3,13,10,0
0.0,1.0,0.0,3,3,2,3,4591,1,3,3,11,2,5,1,0
0.0,1.0,0.0,3,2,3,4,9071,1,3,3,15,3,3,1,0
1.0,0.0,0.0,4,3,5,1,19045,1,3,3,37,3,36,4,0
0.0,0.0,1.0,4,3,3,2,7655,0,3,2,10,2,9,1,0
0.0,1.0,0.0,3,3,3,4,7654,0,3,1,9,4,9,7,1
0.0,0.0,1.0,3,4,1,4,2534,0,3,2,5,3,1,0,0
0.0,1.0,0.0,3,2,3,3,10999,0,3,2,27,3,15,4,0
0.0,1.0,0.0,3,2,3,3,8740,1,3,2,9,3,8,2,0
0.0,1.0,0.0,3,3,2,3,5258,0,3,3,7,4,1,0,0
0.0,0.0,1.0,4,3,2,4,4648,0,3,3,4,4,0,0,0
0.0,1.0,0.0,1,3,3,3,13664,0,3,1,16,4,5,0,0
0.0,1.0,0.0,3,4,5,4,19202,0,3,3,25,3,24,1,0
0.0,0.0,1.0,1,1,2,4,5440,1,3,4,7,2,2,2,1
0.0,1.0,0.0,3,1,2,1,5769,1,3,1,10,3,10,1,0
0.0,0.0,1.0,4,3,2,3,6932,0,3,4,9,2,9,0,0
0.0,0.0,1.0,3,3,2,1,9957,0,3,3,7,2,6,0,0
0.0,1.0,0.0,4,3,1,4,1702,1,4,3,1,3,1,0,0
0.0,1.0,0.0,3,3,1,4,3452,0,3,2,9,2,6,0,0
1.0,0.0,0.0,1,2,2,3,5473,0,3,4,20,2,4,1,0
0.0,0.0,1.0,2,4,3,1,9980,0,3,3,10,3,10,8,0
0.0,1.0,0.0,3,3,4,3,15379,0,3,1,23,3,8,0,0
0.0,0.0,1.0,1,2,1,2,3838,0,3,4,8,3,5,0,0
1.0,0.0,0.0,1,3,1,1,2066,0,4,4,5,4,3,1,0
0.0,0.0,1.0,4,3,3,4,8500,0,3,4,10,2,9,1,0
0.0,1.0,0.0,2,2,1,3,2838,0,3,2,8,2,7,7,0
0.0,1.0,0.0,1,2,4,3,12965,1,4,4,27,2,3,0,0
0.0,1.0,0.0,1,4,2,1,5980,1,3,4,17,3,15,4,0
0.0,0.0,1.0,1,2,1,4,2564,0,3,3,1,4,1,0,1
0.0,0.0,1.0,3,3,2,4,4950,0,3,2,5,3,4,1,0
0.0,1.0,0.0,1,3,4,4,12169,0,3,4,21,3,18,11,1
0.0,1.0,0.0,4,2,2,3,4553,0,3,1,20,3,20,11,0
0.0,0.0,1.0,2,4,2,4,6929,0,3,2,10,2,8,7,0
0.0,0.0,1.0,4,3,1,4,3812,0,3,2,11,4,11,3,0
0.0,0.0,1.0,2,3,1,3,1514,0,3,3,0,1,0,0,0
1.0,0.0,0.0,3,2,3,1,10266,0,3,4,22,4,18,13,0
0.0,0.0,1.0,1,2,2,3,4508,0,4,2,14,3,13,3,1
0.0,0.0,1.0,1,4,1,4,4420,0,4,2,8,3,8,0,0
0.0,0.0,1.0,2,3,2,3,5429,0,3,1,10,3,8,7,0
0.0,0.0,1.0,4,2,1,3,3230,0,3,1,3,4,3,1,0
0.0,0.0,1.0,1,3,3,3,9824,0,3,1,12,3,1,0,1
0.0,1.0,0.0,3,3,1,3,2696,1,3,3,4,3,3,1,0
0.0,1.0,0.0,4,3,4,3,13973,1,3,4,22,3,12,1,0
0.0,0.0,1.0,4,3,1,3,2154,1,3,3,5,2,4,0,0
0.0,1.0,0.0,4,3,3,1,7406,1,4,4,10,2,10,5,0
0.0,0.0,1.0,4,2,2,3,4374,0,3,3,4,3,3,1,0
0.0,0.0,1.0,4,3,3,3,8726,0,3,4,9,3,9,1,0
0.0,1.0,0.0,3,2,4,3,13966,1,3,2,30,3,15,2,0
0.0,0.0,1.0,2,3,1,2,2718,0,3,2,12,3,7,0,0
1.0,0.0,0.0,4,3,2,3,4869,0,3,4,20,2,4,0,0
0.0,0.0,1.0,1,2,1,3,2625,0,4,3,2,1,2,2,1
0.0,0.0,1.0,4,3,1,1,2956,0,3,4,1,3,1,0,0
0.0,0.0,1.0,3,2,2,3,5744,1,3,4,6,3,6,0,1
0.0,0.0,1.0,4,2,2,3,5484,0,3,3,13,2,13,4,0
0.0,1.0,0.0,1,3,3,4,10096,0,3,1,28,4,7,4,1
1.0,0.0,0.0,3,3,1,1,4257,1,3,3,19,3,2,2,0
0.0,0.0,1.0,4,2,1,3,3730,1,3,4,4,1,3,1,1
0.0,1.0,0.0,1,2,2,4,6120,1,3,4,8,4,5,1,0
0.0,0.0,1.0,1,3,1,1,4031,0,3,3,6,3,2,0,1
0.0,0.0,1.0,1,3,2,3,8346,0,3,3,6,3,5,0,0
0.0,0.0,1.0,3,3,1,4,2523,0,3,3,3,3,2,2,0
0.0,1.0,0.0,4,3,5,4,19627,0,3,4,23,3,2,2,0
0.0,0.0,1.0,3,3,1,2,2370,0,3,3,8,3,8,0,0
0.0,1.0,0.0,3,3,2,2,4855,0,3,1,7,3,5,1,1
0.0,0.0,1.0,4,4,2,4,5337,0,3,4,10,3,10,5,0
0.0,1.0,0.0,3,3,2,3,5154,0,4,2,10,4,8,5,0
0.0,1.0,0.0,4,3,1,1,2587,1,3,2,17,2,2,2,0
0.0,0.0,1.0,2,2,2,4,3986,0,3,3,15,4,15,4,0
0.0,0.0,1.0,3,2,2,4,6877,1,4,2,12,2,0,0,0
0.0,0.0,1.0,4,2,1,3,2206,0,3,1,10,3,10,1,0
0.0,1.0,0.0,4,3,2,4,3902,0,3,2,7,3,2,2,0
0.0,1.0,0.0,2,2,4,3,17046,0,3,2,28,3,27,15,0
0.0,0.0,1.0,3,3,3,2,8095,0,3,4,17,3,16,0,0
0.0,1.0,0.0,3,4,2,1,5974,1,3,1,13,3,7,6,0
0.0,1.0,0.0,1,3,4,1,16823,0,3,1,22,3,19,11,0
0.0,0.0,1.0,4,3,1,3,2660,1,3,3,5,3,2,2,0
0.0,0.0,1.0,4,3,1,2,3597,0,4,4,6,3,4,1,0
0.0,0.0,1.0,1,4,2,4,5055,0,3,3,10,2,7,0,0
0.0,0.0,1.0,2,3,1,3,2308,1,4,2,12,3,11,5,0
0.0,0.0,1.0,2,3,2,4,5484,0,3,2,9,2,2,2,0
1.0,0.0,0.0,3,4,3,4,9439,1,3,2,12,1,5,1,0
0.0,1.0,0.0,3,3,3,3,10447,1,3,4,23,4,22,13,0
0.0,0.0,1.0,1,3,1,4,3760,1,3,3,6,3,6,1,0
1.0,0.0,0.0,4,3,4,2,13402,1,3,1,33,3,19,15,0
0.0,0.0,1.0,2,3,2,4,5253,0,3,4,7,3,7,0,0
0.0,1.0,0.0,3,3,5,4,19232,0,3,4,22,3,22,11,0
0.0,1.0,0.0,2,3,3,2,8376,0,3,4,9,3,2,2,0
0.0,0.0,1.0,3,3,3,2,8020,0,3,3,12,2,11,6,0
0.0,0.0,1.0,4,3,1,4,1706,0,3,3,0,2,0,0,0
0.0,1.0,0.0,3,3,3,4,7945,1,3,4,18,2,4,3,0
0.0,1.0,0.0,4,2,3,4,10496,0,3,4,20,3,4,1,0
0.0,1.0,0.0,4,3,2,2,8926,0,4,4,13,4,9,3,1
0.0,0.0,1.0,3,3,2,3,3660,0,3,4,10,4,8,1,0
0.0,1.0,0.0,3,3,2,4,6513,0,3,4,12,3,5,0,0
1.0,0.0,0.0,1,3,3,1,7637,0,3,4,28,2,21,7,0
0.0,0.0,1.0,2,2,3,1,7988,0,3,1,10,2,10,0,0
0.0,1.0,0.0,4,3,2,1,5410,1,3,3,9,2,4,1,0
0.0,0.0,1.0,3,1,2,2,6549,0,3,2,8,2,8,1,0
0.0,1.0,0.0,4,1,1,3,2290,0,3,4,6,3,0,0,0
0.0,1.0,0.0,4,4,1,2,2559,0,3,3,7,2,1,0,0
0.0,1.0,0.0,2,3,5,4,18430,0,3,2,24,2,24,14,0
0.0,0.0,1.0,4,2,2,4,5363,0,3,2,10,3,9,0,0
0.0,1.0,0.0,4,3,2,3,6553,0,3,2,14,3,1,0,0
0.0,1.0,0.0,1,1,1,3,3708,0,3,3,9,3,5,1,0
0.0,0.0,1.0,4,3,2,4,4968,0,3,4,5,3,5,0,0
0.0,0.0,1.0,3,3,2,1,4538,1,3,4,4,3,3,0,0
0.0,1.0,0.0,4,2,5,3,19189,0,3,2,22,3,22,2,0
0.0,1.0,0.0,3,4,4,3,14814,0,3,3,32,3,5,1,0
0.0,0.0,1.0,3,3,1,4,2496,0,3,4,7,3,1,0,0
0.0,0.0,1.0,2,3,3,1,9069,0,4,4,9,2,9,1,0
0.0,0.0,1.0,4,3,1,4,2570,0,4,3,7,3,7,5,0
0.0,1.0,0.0,1,3,1,4,3673,0,3,3,12,3,12,5,0
1.0,0.0,0.0,1,3,5,1,19566,0,3,4,33,1,29,11,0
0.0,1.0,0.0,4,3,3,4,10124,1,3,3,24,1,20,13,0
0.0,0.0,1.0,4,1,1,3,2351,0,3,4,3,2,2,1,1
0.0,0.0,1.0,4,3,1,4,3669,0,3,3,7,2,3,1,0
0.0,1.0,0.0,4,3,3,2,7351,0,3,3,10,3,1,0,0
0.0,0.0,1.0,2,3,2,1,9936,0,3,2,10,3,9,1,0
0.0,0.0,1.0,3,3,1,4,2564,0,3,3,12,2,11,6,0
0.0,0.0,1.0,4,3,2,4,6653,0,3,2,7,3,1,0,0
0.0,1.0,0.0,2,4,2,3,6377,0,4,2,15,3,12,11,0
0.0,0.0,1.0,1,2,2,1,6410,0,3,4,9,3,2,1,0
0.0,1.0,0.0,3,3,3,2,10466,0,3,2,29,3,8,0,0
0.0,1.0,0.0,2,3,2,2,2042,0,3,3,17,4,3,1,0
0.0,0.0,1.0,1,3,1,3,2886,1,3,4,6,3,6,1,1
0.0,1.0,0.0,1,3,3,4,13603,1,3,1,15,3,5,0,0
0.0,0.0,1.0,1,3,2,2,5765,0,3,1,7,1,5,0,1
0.0,1.0,0.0,1,2,2,3,5321,0,3,4,10,3,8,7,0
0.0,0.0,1.0,1,3,1,1,2235,1,3,4,9,2,9,6,0
0.0,0.0,1.0,4,3,2,1,4779,0,3,2,8,3,3,0,0
0.0,0.0,1.0,4,2,2,2,5878,0,3,1,12,3,7,2,0
0.0,0.0,1.0,3,2,3,4,10377,1,3,2,16,2,13,4,0
0.0,0.0,1.0,2,3,1,4,3452,0,3,1,5,3,3,0,0
0.0,1.0,0.0,1,2,2,3,5094,0,3,4,10,3,1,0,0
0.0,0.0,1.0,2,3,2,1,4233,0,3,3,9,1,3,1,1
0.0,1.0,0.0,2,3,5,2,18061,0,4,3,22,3,0,0,0
0.0,0.0,1.0,1,3,3,4,9888,0,4,1,14,2,14,2,0
0.0,1.0,0.0,2,1,2,4,4272,0,3,1,16,3,1,0,0
0.0,1.0,0.0,3,2,2,3,3069,0,3,4,11,3,10,0,0
1.0,0.0,0.0,3,3,2,3,6306,0,4,1,13,2,13,1,0
0.0,0.0,1.0,4,3,1,4,3691,1,3,2,7,4,7,5,1
1.0,0.0,0.0,3,2,4,4,13726,1,3,1,30,3,5,4,0
0.0,1.0,0.0,4,3,5,4,19513,1,3,1,26,4,2,0,0
0.0,0.0,1.0,1,3,1,1,2707,0,4,1,13,4,9,1,1
0.0,0.0,1.0,3,2,2,2,4490,0,3,4,14,4,10,1,0
0.0,0.0,1.0,4,2,2,1,5326,0,3,3,6,2,4,1,1
0.0,1.0,0.0,3,4,5,1,19190,0,3,4,26,2,25,14,0
0.0,1.0,0.0,3,3,3,3,9434,0,3,3,10,3,10,7,0
1.0,0.0,0.0,3,3,2,1,4440,1,3,4,9,3,5,1,0
0.0,0.0,1.0,4,2,1,3,2768,0,3,3,14,3,7,5,0
0.0,0.0,1.0,1,4,2,1,5562,1,3,4,9,3,3,0,0
0.0,1.0,0.0,4,2,2,4,4876,0,3,4,5,1,3,0,0
0.0,1.0,0.0,4,2,2,2,5390,0,3,4,17,2,9,0,0
0.0,1.0,0.0,3,3,2,2,6782,0,3,3,9,2,5,0,0
0.0,1.0,0.0,2,2,5,4,19141,0,3,2,23,2,21,12,0
0.0,1.0,0.0,1,2,5,3,19068,1,3,4,33,4,33,15,0
0.0,0.0,1.0,4,3,2,4,5915,0,4,4,10,2,7,1,0
0.0,1.0,0.0,2,3,2,1,6516,1,3,2,18,3,1,0,0
0.0,0.0,1.0,4,3,2,4,5775,0,3,4,11,3,10,1,0
0.0,0.0,1.0,4,3,1,4,2201,0,3,4,6,3,3,1,0
1.0,0.0,0.0,4,3,1,3,2479,0,4,1,7,3,1,0,1
0.0,1.0,0.0,4,3,1,2,3617,1,3,4,3,3,1,0,0
0.0,1.0,0.0,3,2,4,3,17603,0,4,1,14,3,14,6,0
0.0,1.0,0.0,4,2,2,3,6334,0,3,4,9,3,1,0,0
0.0,0.0,1.0,4,3,1,2,3579,1,4,1,12,3,11,5,0
0.0,0.0,1.0,3,3,1,3,1274,0,3,2,1,2,1,0,0
0.0,0.0,1.0,4,2,2,3,5063,0,3,2,8,2,8,7,0
0.0,0.0,1.0,2,3,2,4,9998,0,3,1,8,4,5,1,0
0.0,1.0,0.0,1,3,3,2,7403,0,3,3,29,2,26,1,0
0.0,1.0,0.0,4,3,5,4,19517,0,3,3,32,2,7,0,0
0.0,0.0,1.0,3,3,3,1,8412,0,3,3,10,3,9,7,0
0.0,0.0,1.0,2,3,2,2,4425,0,3,4,10,3,6,1,0
0.0,1.0,0.0,3,3,2,2,4978,0,3,4,4,1,1,0,0
0.0,0.0,1.0,2,2,1,3,2859,0,3,1,6,3,6,0,0
0.0,1.0,0.0,2,3,5,4,19161,0,3,4,28,3,5,4,0
0.0,1.0,0.0,4,4,1,2,4876,0,3,3,8,3,6,0,0
0.0,0.0,1.0,1,1,2,3,6074,1,4,4,9,3,9,0,1
0.0,0.0,1.0,3,2,3,1,7140,0,3,1,12,3,7,1,0
0.0,0.0,1.0,1,3,2,4,5476,0,3,1,10,3,10,0,0
0.0,1.0,0.0,4,3,1,1,3423,0,3,3,10,4,7,5,0
0.0,1.0,0.0,1,3,2,2,4765,0,4,3,4,4,1,0,0
0.0,1.0,0.0,4,3,2,4,6472,1,3,4,9,3,9,5,0
0.0,1.0,0.0,4,3,3,3,9241,0,3,2,10,3,10,8,0
0.0,1.0,0.0,4,3,1,4,4258,0,3,1,5,3,4,1,0
0.0,0.0,1.0,4,3,2,3,4736,1,3,2,4,4,2,2,0
0.0,1.0,0.0,3,3,1,1,2367,0,3,4,10,2,8,7,0
0.0,0.0,1.0,3,1,2,1,9715,0,3,3,9,3,7,0,0
0.0,1.0,0.0,3,2,4,3,13964,1,3,4,25,3,7,0,0
0.0,0.0,1.0,3,1,1,4,2977,0,3,4,4,3,4,1,0
0.0,0.0,1.0,3,3,2,1,4898,0,3,4,5,3,4,1,0
0.0,0.0,1.0,3,2,1,2,2332,0,4,3,5,3,3,0,0
0.0,0.0,1.0,2,3,2,1,4306,0,3,2,13,1,13,3,0
0.0,0.0,1.0,4,3,2,4,6274,0,4,3,6,3,6,1,0
0.0,0.0,1.0,2,3,2,1,5121,0,3,3,7,3,0,0,0
0.0,1.0,0.0,4,3,4,1,16880,1,3,2,25,3,3,1,0
0.0,1.0,0.0,4,4,1,4,4680,0,3,1,4,3,1,0,0
0.0,1.0,0.0,3,3,2,4,4537,1,4,1,8,3,7,7,0
0.0,0.0,1.0,3,2,1,1,2296,0,3,2,2,3,1,0,0
0.0,0.0,1.0,2,3,1,4,1051,0,3,4,0,3,0,0,0
0.0,0.0,1.0,4,3,2,4,6931,0,3,4,10,3,3,0,0
0.0,1.0,0.0,4,3,2,2,5295,0,4,3,7,3,5,1,0
0.0,0.0,1.0,2,3,2,3,4197,0,3,1,10,3,10,0,0
0.0,0.0,1.0,2,2,2,4,3886,0,4,4,10,2,10,0,0
0.0,0.0,1.0,3,3,2,4,6687,0,3,4,14,4,14,4,0
0.0,1.0,0.0,2,3,1,2,2177,0,3,1,6,3,6,0,0
0.0,0.0,1.0,3,3,1,1,2322,0,3,3,3,3,0,0,0
0.0,0.0,1.0,4,2,2,4,9679,0,4,2,8,3,1,0,0
0.0,0.0,1.0,1,2,2,2,6644,0,3,2,10,3,0,0,0
0.0,0.0,1.0,2,3,2,4,6201,1,3,4,18,2,18,4,0
0.0,1.0,0.0,4,3,2,3,4850,0,3,3,8,3,5,0,0
0.0,0.0,1.0,3,4,1,3,4401,0,3,4,5,3,5,0,0
0.0,1.0,0.0,3,3,2,3,6077,0,3,3,10,3,6,1,0
0.0,0.0,1.0,1,3,1,1,3348,1,3,1,10,3,10,9,1
0.0,1.0,0.0,2,4,4,2,13194,1,3,4,22,2,1,0,1
0.0,0.0,1.0,3,2,1,2,2622,0,4,4,7,3,3,1,0
0.0,0.0,1.0,2,3,1,3,2774,0,3,3,6,3,5,1,0
0.0,0.0,1.0,3,4,1,4,2791,0,3,1,3,3,2,2,0
0.0,1.0,0.0,3,2,4,1,16856,0,3,1,34,4,34,1,0
0.0,1.0,0.0,3,3,2,1,5006,1,3,1,9,4,5,0,0
0.0,1.0,0.0,2,3,5,2,18213,0,3,3,26,3,22,3,0
0.0,0.0,1.0,1,3,1,3,2207,0,3,4,4,2,4,2,0
0.0,1.0,0.0,3,3,5,4,19328,1,3,3,24,3,2,2,0
1.0,0.0,0.0,2,3,4,2,16291,0,4,4,37,2,16,14,0
0.0,0.0,1.0,4,3,3,3,7094,0,3,1,10,3,7,1,0
0.0,1.0,0.0,4,3,1,4,2115,0,3,2,17,3,17,5,0
0.0,1.0,0.0,1,3,2,4,4285,0,3,1,10,3,10,3,0
0.0,0.0,1.0,2,2,3,3,11935,0,3,3,10,3,10,0,0
0.0,0.0,1.0,2,3,3,1,8008,0,3,3,9,3,3,0,0
0.0,1.0,0.0,4,3,2,4,6465,1,3,4,9,4,4,1,0
0.0,1.0,0.0,4,3,2,1,4960,0,3,4,20,3,7,1,0
0.0,0.0,1.0,4,1,3,4,10400,0,3,3,14,2,14,9,1
0.0,1.0,0.0,2,4,2,1,5033,0,3,4,10,3,2,2,0
0.0,0.0,1.0,3,3,3,4,11244,0,4,2,10,4,5,0,0
0.0,0.0,1.0,4,2,1,2,3294,0,3,1,7,2,5,0,0
0.0,1.0,0.0,1,4,1,4,2818,1,4,3,10,2,3,0,0
1.0,0.0,0.0,4,3,4,4,17779,0,3,1,36,3,10,0,0
0.0,1.0,0.0,3,1,5,4,19740,0,3,2,25,3,8,0,0
0.0,0.0,1.0,4,2,2,3,9547,0,3,3,10,2,10,1,0
0.0,0.0,1.0,3,3,1,1,3102,0,4,3,7,3,6,0,1
0.0,1.0,0.0,2,3,2,1,6893,0,3,4,11,3,7,1,0
0.0,0.0,1.0,3,2,2,4,6834,1,3,3,7,3,7,0,0
0.0,1.0,0.0,1,3,1,3,3629,0,3,1,8,3,3,0,0
0.0,1.0,0.0,2,1,2,4,5329,1,3,4,17,3,13,1,0
0.0,0.0,1.0,3,3,2,4,4684,0,3,1,5,3,5,1,0
0.0,1.0,0.0,1,3,2,4,5772,1,4,3,14,3,9,0,0
0.0,0.0,1.0,4,3,2,3,4319,0,3,1,10,3,10,0,0
0.0,0.0,1.0,3,4,1,3,2700,0,4,3,10,3,10,0,0
0.0,0.0,1.0,1,3,1,4,2061,0,4,1,1,3,1,0,0
0.0,0.0,1.0,2,2,2,3,4617,0,3,2,4,2,4,1,0
0.0,0.0,1.0,2,3,1,4,3722,1,3,3,7,1,2,2,1
0.0,1.0,0.0,3,3,2,3,6439,0,3,3,18,3,8,7,0
0.0,1.0,0.0,4,3,1,3,2655,1,3,3,19,3,9,7,1
0.0,1.0,0.0,1,3,2,4,5343,0,3,3,10,3,10,1,0
0.0,0.0,1.0,1,2,1,3,2187,0,3,3,6,2,5,0,0
0.0,1.0,0.0,3,3,1,4,2288,0,3,3,2,3,2,2,0
0.0,1.0,0.0,4,3,5,3,18303,0,3,2,21,4,1,0,0
0.0,1.0,0.0,3,2,3,3,10748,0,4,4,25,2,23,14,0
0.0,0.0,1.0,4,3,2,3,4260,1,3,4,5,4,5,0,0
0.0,0.0,1.0,2,2,1,4,3622,1,3,4,6,3,6,1,0
0.0,0.0,1.0,1,2,1,1,3955,0,3,1,6,3,5,1,0
0.0,1.0,0.0,3,1,4,3,12936,0,3,3,25,1,23,14,1
0.0,0.0,1.0,4,4,2,3,5206,0,3,3,7,3,7,0,0
0.0,1.0,0.0,4,2,2,2,6032,1,3,4,8,3,5,1,0
0.0,0.0,1.0,3,3,1,3,2783,0,3,1,2,3,2,2,0
0.0,0.0,1.0,2,3,1,3,2741,1,3,2,8,2,7,1,1
0.0,1.0,0.0,2,4,2,3,6397,1,3,4,8,3,5,1,1
0.0,0.0,1.0,1,1,1,4,4364,0,3,1,5,3,2,2,0
0.0,1.0,0.0,2,3,1,2,3936,0,3,1,8,1,8,7,0
0.0,1.0,0.0,1,3,2,4,3319,0,3,1,9,3,9,4,0
0.0,0.0,1.0,3,3,1,2,2187,0,3,3,6,3,2,1,0
0.0,1.0,0.0,3,3,2,2,5467,0,3,3,16,4,8,1,0
0.0,0.0,1.0,4,3,1,1,2062,0,3,2,11,3,3,1,0
0.0,0.0,1.0,2,3,2,3,6815,0,3,1,15,3,1,0,0
0.0,0.0,1.0,4,1,2,1,4759,0,3,4,15,3,13,3,0
0.0,0.0,1.0,4,3,2,4,4105,0,3,1,7,3,7,0,0
0.0,0.0,1.0,4,3,2,4,5396,0,3,4,10,2,10,0,0
0.0,1.0,0.0,2,3,4,3,11245,1,3,3,32,3,30,12,0
0.0,0.0,1.0,3,2,2,3,6578,0,3,1,10,3,10,1,0
0.0,0.0,1.0,3,4,1,2,2716,0,3,4,1,3,1,0,1
0.0,0.0,1.0,3,2,2,4,4157,1,3,3,5,2,2,0,0
0.0,0.0,1.0,3,2,3,4,12808,1,3,2,9,3,9,0,0
0.0,1.0,0.0,4,2,2,4,6804,0,3,3,7,3,2,2,0
0.0,0.0,1.0,3,3,1,4,2695,1,3,2,3,1,2,2,0
0.0,0.0,1.0,2,2,1,3,2430,0,4,1,6,3,5,4,0
0.0,0.0,1.0,2,3,1,4,2871,0,3,3,1,3,0,0,0
0.0,1.0,0.0,3,4,3,4,7879,1,3,2,9,3,8,6,0
0.0,1.0,0.0,3,3,1,1,2073,1,4,4,7,3,3,0,1
0.0,1.0,0.0,4,2,2,4,4523,0,3,4,7,4,6,0,0
0.0,1.0,0.0,3,4,2,4,5231,1,3,2,17,2,5,1,0
0.0,0.0,1.0,2,2,2,4,5582,0,4,2,10,3,9,7,0
0.0,0.0,1.0,3,1,1,3,2741,0,3,3,7,3,7,1,0
0.0,0.0,1.0,3,3,1,3,1420,0,3,3,0,3,0,0,1
0.0,1.0,0.0,4,3,4,3,13770,1,3,4,28,2,22,11,0
0.0,0.0,1.0,3,4,1,3,2585,0,3,4,2,2,1,0,0
1.0,0.0,0.0,3,2,3,2,10552,1,3,4,24,3,6,0,0
0.0,0.0,1.0,4,3,1,3,2543,0,3,2,6,3,2,2,0
0.0,1.0,0.0,4,3,1,3,3161,1,4,4,19,1,1,0,1
0.0,1.0,0.0,4,3,2,3,6323,0,3,1,10,4,10,9,0
1.0,0.0,0.0,1,3,2,3,2897,0,3,3,9,2,4,2,0
1.0,0.0,0.0,4,3,3,4,10312,0,3,4,40,2,40,15,1
0.0,0.0,1.0,3,3,1,4,2275,1,4,2,3,3,3,0,1
0.0,0.0,1.0,4,3,1,2,2789,0,3,3,2,2,2,2,0
0.0,1.0,0.0,2,4,2,4,7625,0,3,3,10,2,9,1,0
0.0,1.0,0.0,4,2,3,3,7756,1,3,4,10,4,5,0,0
0.0,0.0,1.0,3,3,1,3,2377,0,3,2,6,3,2,2,0
0.0,0.0,1.0,3,3,2,3,5296,0,3,2,8,3,8,7,0
0.0,0.0,1.0,3,3,1,2,3058,1,3,4,6,2,5,1,0
0.0,0.0,1.0,4,3,1,1,2439,0,3,4,4,3,4,1,0
0.0,1.0,0.0,4,2,2,4,6474,0,3,2,14,2,14,3,0
0.0,0.0,1.0,3,2,2,3,5869,0,3,3,8,3,5,1,0
0.0,1.0,0.0,4,3,3,1,9396,0,3,3,17,3,4,0,0
0.0,0.0,1.0,3,3,2,3,4663,1,3,2,7,3,3,1,0
0.0,0.0,1.0,1,3,1,1,4200,0,4,1,10,4,5,0,1
0.0,0.0,1.0,2,2,1,2,2141,0,3,2,6,2,6,1,0
0.0,0.0,1.0,4,3,3,3,9852,1,3,1,10,2,10,9,0
0.0,0.0,1.0,2,4,2,3,6799,0,4,3,10,3,10,4,0
0.0,1.0,0.0,1,3,2,4,5743,1,3,3,14,3,10,0,0
1.0,0.0,0.0,4,2,1,4,2380,1,3,4,3,2,1,0,1
0.0,1.0,0.0,1,3,1,1,2362,0,3,3,10,4,3,1,1
0.0,0.0,1.0,3,3,2,4,6583,1,3,4,8,3,5,1,0
0.0,1.0,0.0,4,3,2,4,6261,0,3,1,9,1,7,1,0
0.0,0.0,1.0,1,4,1,1,3424,0,3,3,6,2,4,0,0
0.0,0.0,1.0,4,4,1,3,2506,0,3,3,7,3,2,2,0
0.0,0.0,1.0,2,3,1,4,4678,0,3,3,8,3,6,0,0
0.0,0.0,1.0,1,2,3,4,7644,0,3,3,10,3,9,3,0
0.0,1.0,0.0,3,3,2,4,4127,0,3,4,7,3,2,2,0
0.0,0.0,1.0,1,4,1,2,2426,0,3,3,6,3,5,0,0
0.0,1.0,0.0,4,2,4,1,17181,0,3,2,21,2,7,7,0
0.0,0.0,1.0,3,2,3,4,10325,1,3,1,16,3,16,3,1
0.0,0.0,1.0,2,3,2,4,4554,0,3,1,10,2,10,0,0
0.0,0.0,1.0,3,4,1,4,3688,0,3,4,4,3,1,0,0
0.0,0.0,1.0,3,3,3,3,11691,0,3,4,14,4,13,3,0
0.0,0.0,1.0,3,3,2,2,4485,0,3,4,10,3,8,7,0
0.0,1.0,0.0,3,3,2,3,9824,0,3,3,18,3,1,0,0
1.0,0.0,0.0,4,3,2,1,5485,1,3,2,9,3,5,1,0
0.0,1.0,0.0,3,4,1,3,3500,0,3,1,7,1,6,1,0
0.0,0.0,1.0,2,2,1,4,2342,0,3,4,3,2,2,2,0
0.0,1.0,0.0,4,2,3,1,10854,1,3,2,20,3,3,2,1
0.0,1.0,0.0,3,3,2,1,6567,0,3,3,16,2,15,5,0
0.0,0.0,1.0,4,3,2,1,4373,0,3,1,5,3,4,0,0
0.0,0.0,1.0,3,3,2,2,6349,1,3,4,6,3,5,1,0
0.0,0.0,1.0,1,1,1,4,3464,1,3,4,5,2,3,2,1
0.0,1.0,0.0,4,2,2,4,5204,0,3,3,13,3,5,0,0
0.0,0.0,1.0,1,3,1,1,2074,1,3,4,1,3,1,0,1
0.0,1.0,0.0,4,3,4,4,17399,0,4,3,32,2,5,1,0
0.0,0.0,1.0,2,3,2,2,4941,0,4,4,7,3,3,0,0
0.0,0.0,1.0,2,3,1,2,2679,0,3,2,1,3,1,1,1
0.0,1.0,0.0,1,3,5,2,18200,0,3,3,32,3,32,10,0
0.0,1.0,0.0,2,3,3,2,10445,0,3,4,18,3,8,4,0
0.0,0.0,1.0,2,3,3,3,13610,1,3,4,15,4,7,7,1
0.0,1.0,0.0,3,2,3,2,10333,1,3,3,28,3,22,14,0
0.0,0.0,1.0,4,2,2,4,4775,0,4,1,4,1,2,2,0
0.0,0.0,1.0,3,3,1,3,4382,0,3,4,5,2,2,2,1
0.0,0.0,1.0,3,3,2,4,5368,1,4,3,7,3,6,1,0
0.0,1.0,0.0,3,2,3,4,10855,0,3,1,15,2,12,2,0
0.0,0.0,1.0,4,1,2,4,5071,0,4,2,8,3,6,0,0
0.0,1.0,0.0,1,3,1,4,2406,0,3,3,8,2,1,0,0
1.0,0.0,0.0,4,3,3,2,10976,0,3,2,23,3,3,1,0
0.0,0.0,1.0,1,2,1,2,2313,1,4,2,5,3,2,2,1
0.0,1.0,0.0,1,2,3,3,10609,0,3,3,17,1,14,11,1
0.0,0.0,1.0,4,1,2,4,6029,0,3,1,6,3,2,2,0
0.0,1.0,0.0,4,2,5,2,18789,0,3,3,26,3,11,0,0
0.0,1.0,0.0,3,3,2,2,9924,0,3,4,10,3,9,7,0
0.0,0.0,1.0,1,2,2,4,4627,0,3,1,10,3,9,6,0
0.0,0.0,1.0,3,3,1,4,3737,0,3,3,4,1,3,0,0
0.0,0.0,1.0,4,3,2,2,5433,0,3,3,11,3,11,7,0
0.0,0.0,1.0,4,1,2,4,5406,0,4,1,15,2,15,11,0
0.0,0.0,1.0,3,3,3,4,8837,1,3,3,9,3,9,1,0
0.0,0.0,1.0,4,3,3,3,7632,1,3,3,10,3,8,0,0
0.0,1.0,0.0,2,3,5,2,19833,0,3,2,21,2,21,12,0
0.0,0.0,1.0,1,3,2,3,4999,0,4,1,4,2,3,0,0
0.0,1.0,0.0,3,3,4,3,14852,0,3,3,22,4,17,15,0
0.0,0.0,1.0,4,3,2,2,5470,0,3,3,10,2,9,1,0
0.0,0.0,1.0,3,2,1,1,2561,0,3,3,8,2,0,0,1
1.0,0.0,0.0,4,3,2,3,4035,1,3,2,4,3,3,1,0
0.0,0.0,1.0,3,1,2,4,6091,0,4,3,11,3,5,0,0
0.0,0.0,1.0,3,2,1,3,2366,1,3,1,8,3,8,1,1
0.0,0.0,1.0,3,4,1,1,1601,1,4,3,1,3,0,0,1
0.0,1.0,0.0,2,2,2,3,6132,0,3,3,10,3,1,0,0
0.0,1.0,0.0,4,2,2,4,6062,1,3,4,8,3,4,0,0
0.0,0.0,1.0,3,2,1,1,2559,0,3,4,6,2,6,1,0
0.0,0.0,1.0,2,3,2,3,4717,0,3,3,15,3,11,6,0
0.0,0.0,1.0,4,3,1,3,1009,1,3,4,1,3,1,1,1
0.0,0.0,1.0,3,2,2,1,4724,0,3,3,5,3,5,0,0
0.0,0.0,1.0,2,1,1,4,2168,1,3,1,6,2,5,1,0
0.0,1.0,0.0,1,2,4,2,14336,0,3,3,25,3,25,3,0
0.0,1.0,0.0,3,2,2,4,4422,1,3,4,16,1,1,0,0
0.0,0.0,1.0,2,3,1,4,3131,0,3,1,10,3,10,0,0
0.0,1.0,0.0,1,4,4,1,13225,0,3,4,25,3,19,2,0
0.0,1.0,0.0,3,3,1,2,2342,1,3,3,6,2,5,2,1
0.0,1.0,0.0,1,3,4,3,17169,0,3,2,26,4,20,5,0
0.0,0.0,1.0,1,3,2,4,5309,0,3,4,10,3,10,4,0
0.0,1.0,0.0,3,3,1,1,2619,0,3,4,8,2,0,0,0
0.0,1.0,0.0,3,3,4,2,14026,1,3,2,33,3,33,0,0
1.0,0.0,0.0,4,1,2,3,5660,1,3,4,12,3,5,1,0
0.0,0.0,1.0,1,3,2,3,4859,0,3,4,5,3,5,0,0
0.0,1.0,0.0,2,3,3,4,9380,1,3,4,10,4,3,1,0
1.0,0.0,0.0,3,3,4,4,11103,0,3,3,30,2,10,1,0
0.0,1.0,0.0,4,3,2,2,4107,0,3,1,8,2,4,0,0
0.0,1.0,0.0,3,1,2,4,9525,0,3,3,6,2,6,1,0
0.0,1.0,0.0,1,4,3,3,7880,0,3,4,9,3,8,0,0
0.0,0.0,1.0,3,2,3,2,10274,0,3,2,15,4,7,6,0
1.0,0.0,0.0,3,2,3,3,10686,0,3,2,13,3,9,7,0
0.0,0.0,1.0,4,3,1,3,4025,0,3,2,10,3,8,7,0
0.0,1.0,0.0,1,3,3,3,12504,0,4,2,15,1,0,0,0
0.0,0.0,1.0,3,4,2,2,5488,1,3,1,6,3,6,1,0
0.0,0.0,1.0,2,1,2,3,6172,1,3,2,12,2,7,7,1
0.0,1.0,0.0,2,3,3,1,10453,0,4,3,24,3,24,15,0
0.0,1.0,0.0,4,3,2,4,5745,0,3,2,10,3,2,1,0
0.0,1.0,0.0,4,3,2,2,4440,0,3,1,16,3,15,5,0
0.0,1.0,0.0,4,3,2,4,7847,1,3,1,10,3,10,8,0
0.0,1.0,0.0,2,3,1,4,2326,1,3,3,4,2,4,1,0
0.0,1.0,0.0,4,3,2,3,5238,1,3,1,12,2,1,0,1
0.0,0.0,1.0,2,2,1,4,4936,0,3,4,6,3,5,0,0
0.0,0.0,1.0,3,3,2,3,5689,1,3,4,10,4,10,0,0
0.0,0.0,1.0,3,2,2,4,4152,0,3,1,11,3,11,10,0
0.0,1.0,0.0,3,2,4,2,17123,1,3,4,21,3,19,15,0
0.0,1.0,0.0,1,2,5,3,19392,0,3,4,21,3,16,6,0
0.0,0.0,1.0,4,2,2,1,6811,0,3,1,9,1,7,0,0
0.0,1.0,0.0,3,2,2,3,6244,0,3,1,10,3,5,0,0
0.0,0.0,1.0,1,4,1,3,3978,0,3,2,4,2,2,2,0
0.0,1.0,0.0,4,3,1,1,2404,1,4,4,8,1,2,2,1
0.0,0.0,1.0,4,2,4,4,16124,0,3,2,9,2,7,1,0
0.0,1.0,0.0,3,3,5,1,18665,1,3,4,22,3,3,1,0
0.0,1.0,0.0,1,2,1,1,2858,0,3,1,20,2,1,0,0
0.0,0.0,1.0,2,3,2,3,5098,0,3,2,10,3,10,0,0
0.0,1.0,0.0,1,3,4,4,15992,0,3,2,16,3,1,0,0
0.0,0.0,1.0,4,3,1,3,4084,0,3,1,7,1,7,7,1
0.0,0.0,1.0,4,3,3,3,8628,0,3,3,9,2,8,1,0
0.0,0.0,1.0,3,3,2,4,6586,1,3,1,17,2,16,4,0
0.0,0.0,1.0,3,3,2,4,4342,0,3,2,5,3,4,1,0
0.0,1.0,0.0,3,1,3,1,10932,0,3,3,20,3,1,0,0
0.0,0.0,1.0,4,2,3,3,7083,1,3,4,10,3,10,8,0
0.0,1.0,0.0,3,3,3,1,9985,0,3,1,10,2,1,0,0
0.0,0.0,1.0,1,3,3,4,10793,0,3,1,13,3,13,9,0
0.0,1.0,0.0,4,3,1,4,2782,0,4,1,12,3,5,1,0
0.0,0.0,1.0,4,1,2,1,5003,0,4,2,10,3,10,8,0
0.0,1.0,0.0,2,3,2,3,5399,0,3,3,12,3,4,0,0
0.0,0.0,1.0,2,2,2,4,4682,0,3,3,9,2,7,0,0
0.0,0.0,1.0,3,3,1,2,2478,1,3,2,4,2,4,1,0
0.0,0.0,1.0,3,4,2,4,2571,0,3,3,17,3,5,0,0
0.0,0.0,1.0,2,4,1,2,2028,0,3,4,14,3,14,2,0
0.0,0.0,1.0,1,3,1,3,2911,0,3,4,5,2,5,4,0
0.0,0.0,1.0,3,1,1,1,2325,0,4,1,1,4,0,0,1
0.0,0.0,1.0,2,4,1,2,2794,0,4,3,5,1,5,0,0
0.0,0.0,1.0,1,3,2,4,7779,0,4,1,18,3,11,0,0
0.0,1.0,0.0,3,3,2,2,4071,0,3,3,19,2,10,4,0
0.0,0.0,1.0,4,3,1,2,1052,0,4,2,1,3,1,0,0
0.0,0.0,1.0,1,2,2,3,8639,0,3,4,6,3,2,2,0
0.0,0.0,1.0,2,2,1,1,2319,1,3,4,1,3,1,0,1
0.0,0.0,1.0,3,3,1,4,2514,0,4,1,11,3,7,1,0
0.0,1.0,0.0,2,1,5,3,19973,0,4,2,21,3,21,5,0
0.0,0.0,1.0,3,3,2,4,6347,1,3,4,12,1,11,4,0
0.0,1.0,0.0,3,3,3,3,13464,0,4,3,9,3,4,2,0
0.0,0.0,1.0,3,3,1,1,2398,1,3,3,1,3,1,0,1
0.0,0.0,1.0,3,1,2,3,4345,0,3,4,6,3,5,1,0
0.0,1.0,0.0,4,3,4,4,17650,0,3,2,26,4,9,1,0
0.0,1.0,0.0,1,3,2,3,4556,0,3,2,19,3,5,0,0
0.0,0.0,1.0,3,2,3,3,8943,0,4,1,10,3,10,8,0
0.0,1.0,0.0,4,1,2,2,5482,0,3,4,13,3,4,1,0
0.0,0.0,1.0,4,2,2,1,5343,0,4,3,14,3,13,4,0
0.0,0.0,1.0,4,3,4,3,17444,0,3,4,10,3,10,6,0
0.0,0.0,1.0,3,3,2,4,5204,1,3,4,10,3,10,0,0
0.0,1.0,0.0,2,3,2,2,5677,0,3,3,15,3,11,5,0
0.0,0.0,1.0,4,4,3,3,8380,1,3,4,10,3,9,0,0
0.0,0.0,1.0,2,3,2,3,5714,0,4,1,6,2,6,1,0
0.0,0.0,1.0,2,3,1,4,2691,0,3,4,10,2,10,8,0
0.0,0.0,1.0,2,4,3,1,11416,1,3,3,9,2,8,1,0
0.0,0.0,1.0,4,3,1,3,2909,1,3,3,8,3,8,3,0
0.0,1.0,0.0,4,3,2,1,3633,1,3,3,9,3,9,0,0
0.0,1.0,0.0,1,3,3,2,8834,0,3,4,9,3,9,7,0
0.0,0.0,1.0,4,3,2,4,7547,0,3,4,13,3,7,1,0
0.0,0.0,1.0,4,3,1,4,3068,0,3,3,8,2,7,3,0
0.0,0.0,1.0,4,3,1,1,2080,0,3,2,5,2,3,1,0
0.0,0.0,1.0,1,2,1,4,3904,0,3,4,5,3,4,1,0
0.0,0.0,1.0,1,3,1,3,2132,1,3,2,7,3,5,0,1
0.0,0.0,1.0,3,4,2,1,5376,0,3,1,10,3,5,1,0
0.0,1.0,0.0,3,3,3,3,7861,1,3,4,10,4,1,0,0
0.0,1.0,0.0,3,3,2,1,3072,0,3,1,17,2,1,0,0
0.0,1.0,0.0,1,1,3,4,10650,0,3,4,18,3,4,0,1
0.0,1.0,0.0,1,2,2,1,6288,0,3,3,13,2,4,1,0
0.0,0.0,1.0,2,2,2,3,3540,0,4,4,9,3,9,5,0
0.0,1.0,0.0,4,3,4,4,14275,0,3,3,33,3,12,3,0
0.0,0.0,1.0,4,3,2,3,5301,0,3,3,4,2,2,2,0
0.0,0.0,1.0,2,3,1,4,1081,0,3,3,1,2,1,0,1
0.0,0.0,1.0,4,1,1,3,3833,0,4,3,7,3,2,0,0
1.0,0.0,0.0,4,3,5,1,19701,1,4,3,32,3,9,1,0
0.0,0.0,1.0,2,4,2,4,9725,0,3,4,16,2,15,0,0
0.0,0.0,1.0,3,4,1,4,2544,0,3,1,8,3,7,7,0
0.0,1.0,0.0,3,3,2,4,4936,0,3,3,18,2,7,0,0
0.0,1.0,0.0,3,3,4,1,17068,1,3,4,21,3,21,11,0
0.0,0.0,1.0,2,3,3,4,9980,0,3,4,10,2,10,9,0
0.0,0.0,1.0,3,2,2,2,5228,1,3,4,13,3,13,11,0
1.0,0.0,0.0,1,3,1,3,2942,0,3,2,18,3,5,0,0
1.0,0.0,0.0,2,4,2,3,4900,0,4,1,13,2,12,2,0
1.0,0.0,0.0,1,2,4,4,14118,0,3,3,32,2,1,0,0
0.0,1.0,0.0,4,2,1,4,2342,1,4,4,5,2,4,2,0
0.0,0.0,1.0,4,3,1,1,1790,0,3,1,1,2,1,1,1
0.0,1.0,0.0,2,4,3,4,7005,0,3,3,11,3,4,1,0
0.0,1.0,0.0,4,2,1,2,2440,0,4,2,4,3,4,3,0
0.0,0.0,1.0,3,3,1,2,2143,0,3,2,8,3,5,0,0
0.0,0.0,1.0,2,3,3,4,7918,0,3,4,11,3,11,4,0
0.0,1.0,0.0,2,1,3,3,13206,0,3,1,20,3,18,1,0
0.0,1.0,0.0,1,3,3,3,8633,0,4,2,25,3,17,12,0
0.0,0.0,1.0,4,3,2,3,4883,0,3,1,10,3,10,1,1
0.0,0.0,1.0,2,4,2,1,5208,0,3,4,16,3,16,1,0
0.0,0.0,1.0,2,2,2,2,6499,0,3,3,6,3,6,0,0
0.0,1.0,0.0,1,2,2,1,4284,0,4,1,20,3,4,1,1
0.0,0.0,1.0,3,2,1,1,4381,0,3,3,6,3,6,1,0
0.0,1.0,0.0,1,3,2,3,4534,0,3,1,9,3,8,1,0
0.0,0.0,1.0,3,2,3,3,8474,0,4,3,12,3,11,5,0
0.0,1.0,0.0,2,3,3,2,10596,0,3,2,14,3,4,3,0
0.0,0.0,1.0,3,3,1,3,3506,1,3,4,4,3,3,2,0
1.0,0.0,0.0,1,3,2,1,5405,0,3,4,10,3,2,2,0
0.0,1.0,0.0,2,3,2,3,6728,0,3,4,12,3,6,0,1
0.0,1.0,0.0,4,3,1,4,2132,0,4,4,8,3,5,0,0
1.0,0.0,0.0,4,1,3,4,7260,0,3,1,37,2,6,0,0
0.0,1.0,0.0,4,3,3,4,8578,0,3,3,12,2,9,4,0
0.0,1.0,0.0,2,3,1,2,2766,0,4,2,7,2,5,0,0
1.0,0.0,0.0,3,1,3,4,10883,0,4,3,19,4,1,0,0
0.0,0.0,1.0,3,3,2,1,4194,1,3,4,5,3,5,0,0
0.0,0.0,1.0,3,3,1,4,2706,0,3,2,3,3,3,2,0
0.0,1.0,0.0,3,2,3,4,10169,0,3,2,34,3,33,1,1
0.0,1.0,0.0,1,3,2,1,5151,0,4,4,10,3,10,7,0
0.0,1.0,0.0,4,2,5,2,19665,0,3,4,29,3,22,12,0
0.0,1.0,0.0,3,3,2,4,6502,0,3,2,7,4,5,0,0
0.0,1.0,0.0,4,3,2,4,5467,1,3,1,12,2,6,3,0
0.0,0.0,1.0,1,3,1,4,2610,0,4,3,3,2,3,2,0
0.0,0.0,1.0,2,3,2,4,4403,0,3,3,8,2,5,0,0
0.0,1.0,0.0,4,2,1,3,2090,1,3,2,7,3,0,0,1
1.0,0.0,0.0,3,4,1,1,2670,1,4,1,12,2,1,0,0
0.0,1.0,0.0,1,3,3,1,5210,0,3,1,24,3,24,9,0
0.0,0.0,1.0,4,3,1,2,2022,1,3,1,10,2,10,7,1
0.0,0.0,1.0,3,3,1,2,3692,0,3,3,12,2,11,0,0
0.0,1.0,0.0,3,2,2,2,8938,0,3,3,14,3,5,0,0
0.0,1.0,0.0,4,3,3,4,13591,1,3,3,16,3,1,0,0
0.0,1.0,0.0,2,4,2,2,2372,1,3,4,18,3,1,0,0
0.0,1.0,0.0,3,3,2,2,6825,0,3,4,10,3,9,4,0
0.0,0.0,1.0,4,3,1,2,2033,0,3,3,1,3,1,0,0
0.0,0.0,1.0,1,3,2,1,8224,1,3,1,6,3,5,0,1
0.0,1.0,0.0,4,3,2,4,5562,0,3,2,12,2,5,2,0
0.0,0.0,1.0,3,2,2,1,4256,0,3,1,5,4,5,0,0
0.0,1.0,0.0,3,3,1,3,2684,0,3,2,3,2,2,0,0
0.0,0.0,1.0,4,3,2,3,6388,1,3,1,14,3,0,0,0
0.0,1.0,0.0,1,2,3,4,10934,1,3,4,35,3,5,0,0
0.0,1.0,0.0,3,3,3,1,10820,0,3,3,18,3,8,0,0
0.0,1.0,0.0,4,2,1,1,2593,1,3,3,10,3,9,7,0
0.0,1.0,0.0,3,3,5,3,19094,0,3,4,26,2,14,4,0
0.0,0.0,1.0,2,1,1,1,2119,1,3,4,7,2,7,0,1
0.0,0.0,1.0,2,3,2,3,4335,0,3,1,11,2,8,1,0
0.0,1.0,0.0,2,3,1,2,3022,0,4,1,8,3,1,0,0
0.0,1.0,0.0,1,3,5,2,18172,1,3,1,28,2,8,0,0
0.0,0.0,1.0,4,3,2,3,4649,0,3,1,4,2,4,0,0
0.0,0.0,1.0,1,3,3,4,13458,1,3,3,15,3,15,8,0
1.0,0.0,0.0,3,2,4,1,16756,0,3,2,31,4,9,6,0
0.0,1.0,0.0,2,2,3,2,12490,0,3,4,16,1,10,4,0
0.0,0.0,1.0,1,1,1,3,2613,0,4,3,10,2,10,0,0
0.0,1.0,0.0,1,2,5,3,18711,0,3,3,23,4,1,0,0
0.0,1.0,0.0,3,4,2,3,5067,1,3,3,20,4,19,2,0
0.0,0.0,1.0,3,3,1,2,2501,0,3,2,1,3,1,1,0
0.0,1.0,0.0,2,3,1,3,2105,0,3,3,7,3,2,2,0
1.0,0.0,0.0,1,3,1,3,2372,0,3,4,2,3,2,2,0
0.0,1.0,0.0,2,3,5,3,19545,0,3,4,23,3,22,15,1
0.0,0.0,1.0,4,2,1,1,3785,0,3,2,5,1,5,0,0
0.0,1.0,0.0,4,4,1,3,3221,1,3,3,20,3,20,3,0
0.0,0.0,1.0,3,2,1,2,2837,0,3,3,6,3,6,4,0
0.0,1.0,0.0,2,3,5,4,19049,1,3,4,23,2,22,1,0
0.0,1.0,0.0,3,4,1,3,2844,0,3,4,7,4,7,5,0
0.0,0.0,1.0,1,3,1,1,2042,1,3,2,6,3,3,1,1
0.0,1.0,0.0,4,2,3,1,10475,1,4,3,20,3,18,1,0
0.0,1.0,0.0,2,2,1,3,2274,0,3,4,1,3,1,0,0
0.0,1.0,0.0,1,3,3,3,10527,0,3,4,28,2,2,1,0
0.0,0.0,1.0,2,2,3,1,8722,0,3,1,10,2,10,1,1
0.0,0.0,1.0,4,4,1,4,2932,1,3,1,6,3,5,1,0
1.0,0.0,0.0,3,3,2,2,6385,1,3,4,17,3,8,6,0
0.0,0.0,1.0,2,4,1,4,2994,1,3,4,1,3,1,0,0
0.0,0.0,1.0,1,3,2,4,6162,1,4,2,9,3,9,7,0
0.0,1.0,0.0,3,3,2,3,3975,0,3,3,11,4,8,0,0
0.0,0.0,1.0,3,2,2,2,5209,1,3,2,11,2,11,2,0
0.0,0.0,1.0,2,3,2,3,4171,1,3,1,4,4,3,0,1
0.0,1.0,0.0,4,3,1,3,2259,0,3,1,13,2,0,0,0
0.0,1.0,0.0,1,2,4,4,16792,0,4,4,22,3,20,11,0
0.0,1.0,0.0,3,3,4,3,17584,1,3,4,21,2,5,1,0
0.0,0.0,1.0,1,2,3,4,9699,0,3,1,16,3,13,1,0
0.0,0.0,1.0,2,1,1,4,2720,0,3,4,10,3,10,2,0
0.0,1.0,0.0,4,2,2,1,4615,1,4,1,19,3,16,1,0
0.0,1.0,0.0,4,3,2,3,5003,0,3,2,8,3,2,2,0
0.0,1.0,0.0,2,3,1,2,3140,1,4,4,4,2,4,0,1
0.0,1.0,0.0,4,4,4,3,13247,1,3,2,24,2,5,0,0
0.0,1.0,0.0,1,2,3,1,7484,0,4,3,23,2,13,12,0
0.0,0.0,1.0,1,1,1,3,2293,0,3,3,1,2,1,0,1
0.0,0.0,1.0,3,3,1,4,2644,1,4,4,7,2,3,1,0
0.0,1.0,0.0,2,3,2,1,6673,1,3,2,17,3,1,0,1
0.0,0.0,1.0,4,3,2,1,5332,0,3,4,10,3,5,0,0
0.0,1.0,0.0,2,3,2,1,5454,1,4,3,9,2,4,1,0
0.0,0.0,1.0,3,3,2,4,5304,0,4,4,10,2,8,7,0
0.0,0.0,1.0,4,3,1,2,2302,1,3,1,3,4,3,2,1
0.0,0.0,1.0,4,3,1,3,2394,1,3,4,8,3,8,7,1
0.0,0.0,1.0,1,2,1,2,3201,0,3,1,6,1,5,0,0
0.0,0.0,1.0,4,2,2,3,4377,0,3,2,5,3,4,3,0
0.0,1.0,0.0,3,2,1,3,3690,0,3,4,5,2,3,0,0
0.0,1.0,0.0,4,2,2,3,5902,0,3,3,17,4,15,5,0
0.0,0.0,1.0,3,3,2,3,4695,1,3,3,10,3,8,1,0
0.0,0.0,1.0,4,2,2,4,5126,1,3,3,10,2,10,3,0
0.0,0.0,1.0,1,2,2,2,4187,1,3,2,10,2,10,0,0
1.0,0.0,0.0,3,2,5,4,18844,0,4,4,30,3,3,2,0
0.0,0.0,1.0,1,4,3,1,11713,0,3,1,10,3,8,0,0
0.0,0.0,1.0,4,2,1,1,2404,1,4,3,3,3,0,0,1
0.0,0.0,1.0,2,2,1,1,2033,0,3,3,1,4,1,0,1
0.0,1.0,0.0,3,3,5,2,19926,0,3,2,21,3,5,4,0
0.0,1.0,0.0,3,2,1,1,3920,0,3,1,17,2,3,0,0
0.0,1.0,0.0,1,2,3,2,12061,0,3,3,19,3,10,0,0
0.0,1.0,0.0,4,3,2,4,6230,0,3,4,16,3,14,1,0
0.0,0.0,1.0,4,2,1,1,2109,0,3,3,1,3,1,0,0
0.0,1.0,0.0,4,3,2,4,3697,0,3,1,12,3,10,9,0
0.0,0.0,1.0,2,3,2,3,4221,0,3,2,5,4,5,0,0
0.0,0.0,1.0,1,3,2,1,5373,0,3,1,6,2,5,0,0
0.0,1.0,0.0,4,3,4,1,17665,0,3,4,23,3,22,13,0
0.0,1.0,0.0,4,2,5,4,18265,0,3,3,25,4,1,0,0
0.0,0.0,1.0,4,2,1,4,2926,1,3,2,1,3,1,1,1
0.0,0.0,1.0,3,3,3,2,10648,0,4,4,13,4,13,0,0
0.0,1.0,0.0,3,1,2,2,6430,0,3,2,10,3,3,1,0
0.0,0.0,1.0,1,2,1,1,2335,1,3,4,4,3,2,2,1
0.0,1.0,0.0,2,3,2,1,5155,0,3,4,9,4,6,1,0
0.0,0.0,1.0,2,2,2,4,6652,0,3,1,8,2,6,0,0
0.0,0.0,1.0,2,4,2,1,5661,0,3,3,9,3,8,0,0
0.0,0.0,1.0,1,1,2,2,6735,0,3,2,10,3,0,0,1
0.0,0.0,1.0,1,3,2,3,5347,0,3,2,10,2,3,0,0
0.0,1.0,0.0,2,3,1,1,2576,0,3,2,8,3,5,1,0
0.0,1.0,0.0,4,3,4,4,16064,1,4,3,22,3,17,1,0
0.0,0.0,1.0,3,3,2,4,4502,0,3,3,17,2,13,6,0
0.0,0.0,1.0,2,4,2,1,4000,0,3,4,6,3,6,1,0
0.0,0.0,1.0,2,3,2,2,5674,0,3,3,11,3,9,0,0
0.0,0.0,1.0,2,3,3,4,9738,0,3,3,10,3,9,2,0
0.0,1.0,0.0,4,3,2,4,4735,0,3,4,19,4,13,2,0
0.0,0.0,1.0,3,2,1,1,2799,1,3,2,6,3,3,0,0
0.0,1.0,0.0,1,4,2,3,6434,0,3,4,9,3,3,0,0
0.0,0.0,1.0,1,4,2,3,6500,0,3,2,9,2,8,0,0
0.0,0.0,1.0,1,2,2,2,4599,1,4,3,16,4,15,10,1
0.0,0.0,1.0,3,3,1,2,2703,0,4,4,6,3,5,0,0
0.0,0.0,1.0,2,3,2,3,5010,0,3,1,12,3,11,5,0
0.0,1.0,0.0,1,3,4,3,17465,0,3,4,23,3,12,4,0
0.0,1.0,0.0,4,3,2,4,2086,0,3,3,19,4,1,0,1
0.0,1.0,0.0,4,3,4,1,16328,0,3,3,24,4,20,14,0
0.0,1.0,0.0,2,3,4,3,13237,0,3,3,22,3,20,5,0
1.0,0.0,0.0,1,3,4,2,16835,0,4,4,37,3,10,7,0
0.0,1.0,0.0,1,3,5,3,19419,0,3,2,21,4,18,0,0
0.0,1.0,0.0,1,1,2,3,5346,0,3,2,7,2,4,1,1
0.0,1.0,0.0,2,3,2,2,4198,0,3,2,8,4,3,1,0
0.0,0.0,1.0,2,1,1,2,2760,0,3,3,2,3,2,2,1
0.0,0.0,1.0,3,4,1,1,3578,0,3,4,8,3,7,0,0
0.0,1.0,0.0,4,3,3,1,13245,1,3,2,17,4,0,0,0
0.0,0.0,1.0,1,3,2,2,4325,0,3,3,5,3,5,1,0
0.0,1.0,0.0,4,4,1,3,2610,0,3,4,4,3,4,0,0
1.0,0.0,0.0,1,3,3,4,10239,0,3,4,24,3,1,1,0
0.0,0.0,1.0,2,3,1,2,1878,1,3,4,0,3,0,0,1
0.0,1.0,0.0,1,2,3,3,10435,0,3,4,18,3,18,14,0
0.0,0.0,1.0,4,3,2,4,4014,1,4,4,10,1,10,0,0
0.0,0.0,1.0,3,1,2,4,6674,0,3,1,10,3,9,7,0
0.0,0.0,1.0,4,3,1,1,2728,0,3,1,2,3,2,0,0
0.0,0.0,1.0,1,1,1,4,3408,0,3,1,8,3,4,1,1
0.0,0.0,1.0,4,3,1,4,2356,1,3,2,8,3,6,0,0
0.0,1.0,0.0,1,3,3,4,10322,0,4,4,14,3,11,11,0
0.0,1.0,0.0,4,3,4,1,17856,0,4,3,32,3,2,2,0
0.0,0.0,1.0,4,3,1,4,2580,0,3,3,6,2,4,1,0
0.0,0.0,1.0,3,3,2,1,4558,0,3,4,10,3,10,1,0
0.0,0.0,1.0,4,3,3,1,8321,1,3,4,15,3,12,5,0
0.0,1.0,0.0,4,4,4,2,16598,0,3,2,35,2,9,8,0
0.0,1.0,0.0,2,4,2,1,5538,0,3,3,10,2,0,0,0
0.0,1.0,0.0,3,2,2,4,5163,0,3,4,17,4,1,0,0
0.0,1.0,0.0,2,3,4,1,17159,0,4,3,22,3,4,1,0
0.0,0.0,1.0,4,3,1,3,1223,0,4,4,1,3,1,0,0
0.0,1.0,0.0,3,3,1,1,2950,0,3,3,12,1,5,0,0
0.0,0.0,1.0,1,3,1,4,3760,0,3,1,3,3,3,1,0
0.0,1.0,0.0,2,2,5,3,18740,1,3,4,29,2,27,13,0
0.0,1.0,0.0,2,3,2,3,4907,0,4,3,20,3,20,11,0
0.0,0.0,1.0,2,4,2,3,4404,0,3,1,6,4,4,1,0
0.0,0.0,1.0,3,3,1,2,3931,0,3,1,6,3,4,1,0
0.0,1.0,0.0,1,3,3,3,10609,0,3,3,17,2,16,5,0
0.0,0.0,1.0,4,3,1,1,3204,0,3,4,8,3,3,2,0
1.0,0.0,0.0,4,2,2,1,5380,0,3,3,6,3,0,0,0
0.0,0.0,1.0,4,3,1,2,3816,0,3,2,5,3,5,0,0
0.0,0.0,1.0,1,3,1,4,2835,0,4,1,7,3,1,0,0
0.0,1.0,0.0,3,3,1,1,3377,0,3,4,7,2,4,0,0
0.0,1.0,0.0,1,3,3,3,10048,0,3,2,17,3,1,0,1
0.0,0.0,1.0,2,2,1,3,2008,0,3,3,1,2,1,0,0
0.0,0.0,1.0,3,3,2,3,5237,0,3,2,17,2,7,7,0
0.0,1.0,0.0,3,3,1,3,3755,0,3,1,8,3,8,0,0
0.0,0.0,1.0,1,3,2,4,5079,0,3,4,12,3,7,0,0
0.0,0.0,1.0,1,3,2,3,4898,0,3,4,5,3,4,1,0
0.0,0.0,1.0,3,3,2,2,5228,0,3,1,10,3,9,0,0
0.0,1.0,0.0,3,3,2,2,4197,1,3,4,18,2,1,0,0
0.0,1.0,0.0,4,3,5,2,19847,1,4,1,31,2,29,11,0
0.0,1.0,0.0,1,3,4,2,16413,0,3,2,27,3,4,1,0
0.0,0.0,1.0,4,3,2,1,5093,0,3,1,16,4,1,0,0
0.0,1.0,0.0,3,2,1,3,2437,1,3,4,6,3,1,0,1
0.0,0.0,1.0,4,3,2,2,4302,0,3,3,4,3,3,0,0
0.0,0.0,1.0,1,3,2,3,4306,0,3,1,8,3,0,0,0
0.0,1.0,0.0,4,3,3,3,10845,0,3,2,13,3,8,0,0
1.0,0.0,0.0,1,3,1,4,2587,0,3,4,5,3,4,1,1
0.0,0.0,1.0,4,1,2,4,4668,0,3,4,9,4,8,0,0
0.0,0.0,1.0,3,3,1,3,2083,0,4,3,1,3,1,0,0
0.0,0.0,1.0,2,2,2,1,9714,0,3,4,10,3,10,6,1
0.0,0.0,1.0,1,3,2,4,4227,0,3,2,4,3,3,2,0
0.0,1.0,0.0,3,3,3,1,13348,0,3,2,18,4,13,5,0
0.0,0.0,1.0,4,2,1,1,2600,1,3,1,1,3,1,0,1
0.0,1.0,0.0,4,3,1,2,3875,0,3,4,4,3,2,2,0
0.0,0.0,1.0,2,2,1,4,1102,0,4,3,1,2,1,1,1
0.0,0.0,1.0,1,3,1,3,3067,0,3,3,3,3,2,1,0
0.0,0.0,1.0,3,3,1,4,2157,0,3,2,3,3,3,0,0
0.0,1.0,0.0,4,3,1,3,3968,0,3,4,8,3,0,0,0
0.0,0.0,1.0,2,2,2,3,5673,1,3,1,10,3,10,1,0
0.0,1.0,0.0,3,3,4,1,13758,1,3,2,22,2,21,13,1
0.0,1.0,0.0,3,3,4,1,17048,0,4,1,28,3,26,15,0
0.0,1.0,0.0,2,2,4,4,12031,0,3,1,21,2,20,9,0
0.0,0.0,1.0,4,3,1,3,2693,0,4,2,1,3,1,0,0
0.0,0.0,1.0,1,2,2,4,5810,0,3,3,10,2,10,1,0
0.0,1.0,0.0,2,1,1,4,2778,1,3,3,10,2,7,1,1
0.0,0.0,1.0,2,2,1,3,2814,1,3,2,4,2,4,1,0
0.0,0.0,1.0,1,2,1,2,2174,1,3,3,3,3,3,1,1
0.0,1.0,0.0,2,4,1,3,3376,0,3,3,10,3,10,0,0
0.0,0.0,1.0,4,2,1,1,2450,0,3,2,3,3,3,1,0
0.0,1.0,0.0,4,3,5,3,18300,0,3,2,21,3,3,1,0
0.0,1.0,0.0,2,1,3,1,10851,1,3,2,24,3,7,0,0
0.0,0.0,1.0,1,3,2,4,8853,0,3,4,6,4,6,1,0
0.0,0.0,1.0,4,2,1,3,2966,0,3,4,5,3,4,0,0
0.0,1.0,0.0,3,3,1,4,2723,0,3,2,1,2,1,0,0
0.0,0.0,1.0,3,2,2,4,5747,1,3,2,16,3,15,6,0
0.0,0.0,1.0,3,2,2,2,6540,0,3,3,10,3,1,0,0
0.0,1.0,0.0,4,3,1,1,2018,0,3,2,15,1,5,1,1
0.0,1.0,0.0,1,3,3,1,13191,1,3,3,20,3,1,0,0
0.0,1.0,0.0,4,3,2,3,4317,1,4,2,19,3,3,2,0
0.0,0.0,1.0,1,3,2,3,4577,0,3,1,4,3,2,2,1
0.0,1.0,0.0,4,4,3,3,8237,0,3,1,11,3,7,7,0
0.0,1.0,0.0,2,3,1,2,2387,0,4,3,7,3,4,0,0
0.0,1.0,0.0,1,3,3,2,7441,0,3,1,10,3,10,7,0
0.0,1.0,0.0,3,3,1,3,2001,0,3,2,20,3,5,0,0
0.0,0.0,1.0,2,3,3,1,9950,1,3,3,11,3,3,0,1
0.0,0.0,1.0,3,3,3,4,11159,0,3,4,10,3,7,7,0
0.0,1.0,0.0,4,2,3,1,13269,0,3,3,19,3,14,1,0
0.0,1.0,0.0,1,3,1,4,2793,0,3,3,13,3,9,5,0
0.0,0.0,1.0,3,3,3,4,7553,1,3,1,9,3,8,7,1
0.0,0.0,1.0,3,3,3,3,8789,0,3,1,10,4,10,0,0
0.0,0.0,1.0,1,3,3,1,9637,0,3,4,9,3,3,2,0
0.0,1.0,0.0,4,2,1,3,3702,0,3,2,5,3,5,0,0
0.0,0.0,1.0,4,3,2,3,9981,0,3,4,7,3,7,0,0
0.0,1.0,0.0,2,3,2,2,5021,1,4,4,16,3,4,0,0
0.0,1.0,0.0,3,3,1,1,2238,0,4,4,7,3,5,1,0
0.0,1.0,0.0,3,2,5,3,19626,0,3,1,21,4,20,4,0
0.0,0.0,1.0,3,3,2,1,4115,0,3,3,8,3,4,0,0
0.0,0.0,1.0,3,3,2,3,3491,0,3,1,10,2,10,8,0
0.0,0.0,1.0,2,3,1,2,2008,0,3,2,1,3,1,1,0
0.0,1.0,0.0,4,3,2,1,4639,0,3,3,5,3,5,1,0
0.0,0.0,1.0,4,3,1,2,2297,0,3,4,2,3,2,2,0
0.0,1.0,0.0,4,3,5,2,19081,0,3,1,25,3,4,0,0
0.0,1.0,0.0,3,3,3,3,8189,1,3,3,12,3,9,0,0
0.0,1.0,0.0,1,1,2,3,5736,0,3,3,10,3,3,1,0
0.0,0.0,1.0,4,3,1,2,3291,0,3,4,8,2,7,1,0
0.0,1.0,0.0,4,3,4,4,16555,0,3,4,31,1,5,1,0
0.0,1.0,0.0,3,3,1,3,2996,1,3,4,8,3,6,1,0
0.0,0.0,1.0,2,3,2,3,5561,0,3,1,6,2,6,1,0
0.0,1.0,0.0,3,3,1,4,3195,1,3,1,8,3,2,2,0
0.0,1.0,0.0,1,3,2,1,4286,0,3,4,5,3,1,0,1
0.0,0.0,1.0,1,4,2,3,6232,0,3,2,6,2,3,1,0
0.0,1.0,0.0,2,3,2,3,2976,0,3,1,5,3,0,0,0
0.0,1.0,0.0,4,3,1,1,3034,0,3,3,18,2,18,12,0
0.0,1.0,0.0,2,3,2,4,5993,1,3,1,8,1,6,0,1
1.0,0.0,0.0,4,3,2,3,6755,0,3,3,15,3,3,1,0
0.0,0.0,1.0,3,3,1,3,1904,0,3,4,0,3,0,0,1
0.0,0.0,1.0,3,3,2,4,6667,0,3,2,9,3,5,1,0
0.0,0.0,1.0,1,3,2,2,6272,0,4,4,6,4,5,1,0
0.0,0.0,1.0,1,3,3,1,8564,1,4,3,11,2,0,0,1
0.0,0.0,1.0,3,3,1,1,4014,1,3,3,4,3,2,2,0
0.0,0.0,1.0,4,3,1,4,2314,0,3,2,4,3,3,0,0
0.0,0.0,1.0,3,3,2,4,5813,1,3,4,10,3,10,7,1
0.0,1.0,0.0,1,2,1,1,3646,1,4,2,11,4,1,0,1
1.0,0.0,0.0,3,2,3,1,10008,1,3,4,31,2,10,5,1
0.0,0.0,1.0,4,3,1,2,2088,0,3,3,13,2,8,7,0
0.0,0.0,1.0,2,3,2,4,6582,1,3,3,10,4,6,0,0
0.0,0.0,1.0,3,2,1,2,2368,0,3,3,5,2,5,4,0
0.0,1.0,0.0,3,3,1,1,3904,0,3,1,6,3,5,0,1
0.0,0.0,1.0,3,3,3,1,7412,0,3,4,9,3,9,0,0
0.0,1.0,0.0,3,3,1,3,2936,1,3,3,6,3,6,0,1
0.0,1.0,0.0,4,3,1,4,2270,0,3,4,8,3,5,0,0
0.0,1.0,0.0,3,2,4,2,13503,0,4,4,22,2,22,11,0
